ts_code,trade_date,open,high,low,close,pre_close,change,pct_chg,vol,amount,source
002594.SZ,20250102,93.22169997141793,93.24805239543812,88.74837599399089,89.30177689841486,93.10970216933214,-3.8079252709172806,-4.089719097148514,168784.04,4624073.918,tushare_qfq
002594.SZ,20250103,89.43352200589341,90.45138419004887,88.3596609313475,89.17987997294853,89.30177689841486,-0.12189692546633069,-0.13649999999999374,99364.76,2693072.23,tushare_qfq
002594.SZ,20250106,89.57850104472585,90.22084155012121,88.61993136744353,89.36109348905356,89.17987997294853,0.1812135161050321,0.20320000000000077,82446.83,2236590.144,tushare_qfq
002594.SZ,20250107,89.3610821929609,91.4857466729985,88.11592998605515,90.26694689375212,89.36109348905356,0.9058534046985613,1.0137000000000285,95722.18,2627167.273,tushare_qfq
002594.SZ,20250108,89.92434630233866,90.25375157836467,87.55921642047196,88.6693122006796,90.26694689375212,-1.5976346930725214,-1.7699000000000027,109082.47,2933447.142,tushare_qfq
002594.SZ,20250109,88.61000622543062,89.49940033996097,87.83919799283767,88.73847426419611,88.6693122006796,0.0691620635165151,0.07799999999998311,65612.88,1766873.664,tushare_qfq
002594.SZ,20250110,88.6099832751659,89.06785642294463,87.21989357471533,87.62835595115104,88.73847426419611,-1.1101183130450778,-1.2509999999999826,80548.21,2147363.1,tushare_qfq
002594.SZ,20250113,86.63356821741198,88.43541467425321,86.37333810755739,87.6217838244547,87.62835595115104,-0.006572126696340774,-0.007500000000005075,67213.75,1787448.697,tushare_qfq
002594.SZ,20250114,87.73379810485851,91.29466901239594,87.62509436762564,91.01467453770522,87.6217838244547,3.392890713250523,3.872199999999987,125789.73,3438827.617,tushare_qfq
002594.SZ,20250115,90.98173397814939,91.34737382143595,90.4217450289718,90.484332029174,91.01467453770522,-0.5303425085312199,-0.5827000000000128,62335.83,1718769.123,tushare_qfq
002594.SZ,20250116,90.48763539066938,91.35397132469727,89.11401529755291,89.84858911233702,90.484332029174,-0.6357429168369748,-0.7025999999999981,72571.75,1984685.718,tushare_qfq
002594.SZ,20250117,90.09890954243618,91.96993106262131,89.75632813733186,91.11347754986052,89.84858911233702,1.2648884375234957,1.4078000000000166,86141.53,2376770.8,tushare_qfq
002594.SZ,20250120,91.90404769673879,94.35152825009638,91.87769528162862,93.69271787234199,91.11347754986052,2.5792403224814677,2.8308000000000177,135797.09,3863727.458,tushare_qfq
002594.SZ,20250121,93.88051600805002,94.6809709340134,93.22170536939704,94.22639159334284,93.69271787234199,0.5336737210008522,0.5695999999999918,76441.44,2184132.797,tushare_qfq
002594.SZ,20250122,93.88055572033909,94.30878281660732,92.16764733526625,93.05704207366945,94.22639159334284,-1.1693495196733892,-1.2410000000000048,81056.89,2287303.62,tushare_qfq
002594.SZ,20250123,93.87393373509933,93.88052184189524,91.24527912352626,91.28151371090384,93.05704207366945,-1.7755283627656127,-1.9079999999999997,96173.92,2690601.164,tushare_qfq
002594.SZ,20250124,91.08386234446488,92.39818953246682,90.91586563622403,91.93043399187465,91.28151371090384,0.6489202809708132,0.7108999999999976,68143.67,1898979.251,tushare_qfq
002594.SZ,20250127,91.93373411360821,92.27302160558936,90.42176363963401,90.42176363963401,91.93043399187465,-1.5086703522406424,-1.6410999999999862,63407.68,1755529.34,tushare_qfq
002594.SZ,20250205,93.13278812895742,94.45699782824086,92.7605600294076,93.15584650680563,90.42176363963401,2.7340828671716224,3.0237000000000096,145350.9,4128876.836,tushare_qfq
002594.SZ,20250206,93.15914056078395,102.4714311574862,93.04055461756454,102.4714311574862,93.15584650680563,9.315584650680563,10.0,381458.68,11416508.784,tushare_qfq
002594.SZ,20250207,105.40971872890809,108.70377243918647,103.43328650274107,107.68261578900017,102.4714311574862,5.211184631513973,5.085500000000012,487075.26,15691989.048,tushare_qfq
002594.SZ,20250210,107.68594210314266,109.36261594397038,105.93021094958432,108.74662771561128,107.68261578900017,1.0640119266111157,0.9881000000000046,272711.4,8908518.537,tushare_qfq
002594.SZ,20250211,111.76724178705828,112.09664715630986,107.3894444297049,108.6708313160935,108.74662771561128,-0.07579639951778461,-0.06970000000000326,280363.56,9315885.53,tushare_qfq
002594.SZ,20250212,107.88025771079218,114.28389804635799,106.28264168057129,113.66132190262242,108.6708313160935,4.990490586528921,4.5922999999999625,279357.22,9451048.634,tushare_qfq
002594.SZ,20250213,112.3931101198073,114.0895477432452,111.83312100139091,112.42605065618474,113.66132190262242,-1.2352712464376765,-1.086799999999979,199839.85,6859997.621,tushare_qfq
002594.SZ,20250214,112.4985078612287,118.45415620431555,112.4985078612287,117.28476728739307,112.42605065618474,4.858716631208324,4.321699999999989,243644.61,8574633.633,tushare_qfq
002594.SZ,20250217,117.28475374159139,118.1906182909226,113.48012263440032,114.79774379706389,117.28476728739307,-2.487023490329179,-2.1205000000000074,232015.09,8111345.839,tushare_qfq
002594.SZ,20250218,115.75301004144761,119.73222563991287,114.90973256362716,117.34074341765644,114.79774379706389,2.5429996205925534,2.215199999999995,251797.38,8977762.526,tushare_qfq
002594.SZ,20250219,116.45140254625603,118.58594963977194,116.28011173010971,118.09184151627288,117.34074341765644,0.7510980986164384,0.6401000000000167,161917.82,5784129.67,tushare_qfq
002594.SZ,20250220,119.7323238866836,121.10923902326977,117.99306266152213,119.50174001213567,118.09184151627288,1.409898495862791,1.1939000000000077,156937.17,5695876.655,tushare_qfq
002594.SZ,20250221,120.56239627050508,127.31520808347052,120.30875407070101,126.16228899345204,119.50174001213567,6.660548981316367,5.573599999999978,239292.45,9089497.618,tushare_qfq
002594.SZ,20250224,126.8210601314117,128.0266837160376,123.02631048799908,123.94864547077296,126.16228899345204,-2.213643522679078,-1.7545999999999753,199407.47,7586289.374,tushare_qfq
002594.SZ,20250225,121.88001515216192,125.17406961573386,121.48802267099686,122.70023471359134,123.94864547077296,-1.2484107571816168,-1.0071999999999932,161102.52,6008878.409,tushare_qfq
002594.SZ,20250226,122.7002356929509,123.79056772909595,120.23298888004263,122.57176756784621,122.70023471359134,-0.12846714574513385,-0.10470000000000303,138528.96,5125594.765,tushare_qfq
002594.SZ,20250227,125.8328405291595,126.48835715914124,122.21267582388342,123.6917058081136,122.57176756784621,1.1199382402673876,0.913699999999981,168446.14,6350435.99,tushare_qfq
002594.SZ,20250228,122.24237619234408,123.45129432930419,118.25986385560077,119.1854932738182,123.6917058081136,-4.5062125342954005,-3.6431000000000116,239304.29,8762214.822,tushare_qfq
002594.SZ,20250303,121.55059126289845,121.87999665927488,117.85795676951881,118.65511782874972,119.1854932738182,-0.5303754450684721,-0.4449999999999842,152078.22,5524500.397,tushare_qfq
002594.SZ,20250304,112.00766473279637,114.63302451846349,111.34885424705807,113.59210395099697,118.65511782874972,-5.063013877752752,-4.267000000000001,263453.3,9062924.96,tushare_qfq
002594.SZ,20250305,114.30361394082266,117.00144275400807,114.30361394082266,116.59627432418901,113.59210395099697,3.0041703731920393,2.64470000000002,139068.86,4885879.812,tushare_qfq
002594.SZ,20250306,118.64515909169234,119.30067540740245,117.59765060729126,118.23340261197494,116.59627432418901,1.6371282877859272,1.4040999999999908,114600.99,4120637.645,tushare_qfq
002594.SZ,20250307,118.22348809094855,118.91523878749632,117.01786544839389,117.39997535696313,118.23340261197494,-0.8334272550118129,-0.7049000000000014,87584.13,3131517.605,tushare_qfq
002594.SZ,20250310,117.23521509433941,117.72602844216343,114.96232106750338,115.62113093035441,117.39997535696313,-1.778844426608714,-1.5152000000000074,99176.6,3484351.089,tushare_qfq
002594.SZ,20250311,113.64474480429914,115.87481704292263,113.60521619741068,115.4169440131314,115.62113093035441,-0.2041869172230122,-0.17660000000000545,95369.97,3314689.326,tushare_qfq
002594.SZ,20250312,116.7576800109119,118.54635035217089,115.62123200403464,115.62123200403464,115.4169440131314,0.20428799090323935,0.17699999999999722,129510.56,4593312.533,tushare_qfq
002594.SZ,20250313,115.90787078225932,117.71630631411655,115.66411080164468,116.77420692957891,115.62123200403464,1.152974925544271,0.9972000000000324,102210.85,3624758.941,tushare_qfq
002594.SZ,20250314,117.59777042717107,124.24517380874059,117.14319081039378,123.83671096467981,116.77420692957891,7.0625040351009005,6.0479999999999725,224697.18,8292987.454,tushare_qfq
002594.SZ,20250317,125.93836855380363,126.16236439659654,123.84334861238756,125.25649885588992,123.83671096467981,1.419787891210106,1.146500000000042,133068.87,5060211.613,tushare_qfq
002594.SZ,20250318,127.99057250006665,128.46821071940803,125.17744809098012,126.67953793939166,125.25649885588992,1.4230390835017488,1.1360999999999868,173338.78,6672881.109,tushare_qfq
002594.SZ,20250319,126.66638189913562,131.43288268211873,126.01086451433007,130.79712964057364,126.67953793939166,4.117591701181979,3.250399999999994,188351.5,7404859.765,tushare_qfq
002594.SZ,20250320,131.7623057895952,132.88228538880674,130.44138867405448,131.75901173195044,130.79712964057364,0.9618820913767934,0.7354000000000113,159412.84,6372989.565,tushare_qfq
002594.SZ,20250321,129.45972461486906,129.55854631758518,121.88010001654298,122.53891136798374,131.75901173195044,-9.220100363966694,-6.997699999999998,282106.76,10685254.371,tushare_qfq
002594.SZ,20250324,124.18590798547575,124.68001637268587,121.17514087940879,123.64568281545937,122.53891136798374,1.106771447475623,0.903199999999995,147894.05,5522974.12,tushare_qfq
002594.SZ,20250325,124.50871403803572,125.04235104724684,121.54406398686285,121.7450013792201,123.64568281545937,-1.9006814362392674,-1.537200000000021,123085.36,4595791.802,tushare_qfq
002594.SZ,20250326,121.7450492632345,124.8447568136743,121.22129421486052,123.85983379817854,121.7450013792201,2.114832418958443,1.7371000000000087,120204.84,4503762.855,tushare_qfq
002594.SZ,20250327,123.88945690437434,128.88983434603452,123.88616284808865,127.31527544148014,123.85983379817854,3.4554416433015973,2.78980000000001,144394.37,5554865.371,tushare_qfq
002594.SZ,20250328,127.31531255429897,128.7317571700389,125.66828393134554,125.99768965593623,127.31527544148014,-1.317585785543912,-1.0349000000000266,114939.82,4428715.749,tushare_qfq
002594.SZ,20250331,125.17421123729454,126.25466232376382,123.19777632302147,123.49424156016244,125.99768965593623,-2.5034480957737912,-1.9868999999999957,115783.91,4370400.299,tushare_qfq
002594.SZ,20250401,124.43968130422627,124.47262189805433,120.02234767188472,120.39787044152449,123.49424156016244,-3.096371118637947,-2.5072999999999954,154071.99,5663384.88,tushare_qfq
002594.SZ,20250402,120.23315413167215,120.45385608583166,118.21719001308082,118.75082757388441,120.39787044152449,-1.6470428676400815,-1.368000000000022,117100.41,4226638.863,tushare_qfq
002594.SZ,20250403,117.10380232343219,119.09011998309546,116.69533899043343,117.7659082099866,118.75082757388441,-0.9849193638978022,-0.8294000000000041,101023.22,3618676.87,tushare_qfq
002594.SZ,20250407,109.80419202731467,111.2404021348298,105.98967068671257,105.98967068671257,117.7659082099866,-11.776237523274034,-9.999700000000002,273498.4,8911483.834,tushare_qfq
002594.SZ,20250408,105.98962253165475,110.64083296846157,104.75105657964386,107.88370610188416,105.98967068671257,1.8940354151715866,1.787000000000031,274643.51,8924529.993,tushare_qfq
002594.SZ,20250409,105.34401099057119,108.04513947750891,103.32145868449832,106.9251593731689,107.88370610188416,-0.9585467287152625,-0.8885000000000202,211938.56,6822376.377,tushare_qfq
002594.SZ,20250410,110.18623179388209,114.32356832999915,110.0215289062978,110.81210276670232,106.9251593731689,3.8869433935334285,3.635199999999993,210895.78,7165511.481,tushare_qfq
002594.SZ,20250411,111.00976024171003,117.77904977573715,110.81211675166543,116.93247682671284,110.81210276670232,6.120374060010519,5.523200000000015,189944.93,6621821.827,tushare_qfq
002594.SZ,20250414,119.64024212937272,119.8049451058724,117.13675688657749,118.25673712677536,116.93247682671284,1.3242603000625195,1.132499999999997,142069.17,5115484.103,tushare_qfq
002594.SZ,20250415,120.10141646914283,120.23317885693125,117.70663507108833,118.5762668304919,118.25673712677536,0.3195297037165403,0.27019999999999433,116515.57,4195947.009,tushare_qfq
002594.SZ,20250416,117.4727607424067,117.59793501497167,114.66622178910823,116.0003160098663,118.5762668304919,-2.575950820625607,-2.172400000000001,131827.93,4618462.218,tushare_qfq
002594.SZ,20250417,115.27233535315999,116.4285504102829,114.19517773584036,115.1866897933731,116.0003160098663,-0.8136262164931907,-0.70139999999999,85288.64,2985985.219,tushare_qfq
002594.SZ,20250418,114.60033640996735,114.60033640996735,113.31565313316692,113.97446506998766,115.1866897933731,-1.2122247233854466,-1.0523999999999896,73860.13,2553879.767,tushare_qfq
002594.SZ,20250421,113.97447879555118,115.24928004681934,113.72413022941066,114.88363937785094,113.97446506998766,0.9091743078632817,0.7976999999999913,74953.41,2609226.235,tushare_qfq
002594.SZ,20250422,114.88361771171084,117.57486429017362,114.23139393871742,116.886405863125,114.88363937785094,2.0027664852740656,1.7432999999999914,112122.06,3956085.869,tushare_qfq
002594.SZ,20250423,124.18608398344226,124.51549004175378,120.96778679373874,122.53575963130156,116.886405863125,5.649353768176553,4.833199999999996,247926.89,9216822.11,tushare_qfq
002594.SZ,20250424,122.6971166480157,123.39545719594791,119.68964060904345,120.56256629395871,122.53575963130156,-1.973193337342849,-1.6102999999999998,150892.11,5557113.199,tushare_qfq
002594.SZ,20250425,121.88022349350334,123.62607534354541,121.25435207556373,122.1536304813401,120.56256629395871,1.5910641873813915,1.3197000000000152,133869.42,4975314.905,tushare_qfq
002594.SZ,20250428,120.9347979623085,120.9347979623085,117.45297731441374,118.58613370313257,122.1536304813401,-3.567496778207527,-2.9204999999999917,179783.2,6459136.36,tushare_qfq
002594.SZ,20250429,118.2896550404614,118.79364605191198,116.28027911245577,116.93909089212976,118.58613370313257,-1.6470428110028195,-1.3889000000000093,118983.07,4237606.41,tushare_qfq
002594.SZ,20250430,116.9061834125941,116.916065592088,115.06150990706995,116.30995858313004,116.93909089212976,-0.629132308999715,-0.5380000000000486,130479.47,4599074.535,tushare_qfq
002594.SZ,20250506,118.58617768924752,119.34381160226216,117.24220100876938,118.57300144728204,116.30995858313004,2.2630428641519984,1.9457000000000322,148293.53,5326196.143,tushare_qfq
002594.SZ,20250507,120.23324958810635,120.4572457791198,117.97352330817645,118.32269384122684,118.57300144728204,-0.25030760605520186,-0.2110999999999911,108839.9,3937980.382,tushare_qfq
002594.SZ,20250508,117.43991853426976,119.23847669425271,117.16980540401592,118.34907980195344,118.32269384122684,0.026385960726599933,0.022300000000005364,83381.69,2994908.337,tushare_qfq
002594.SZ,20250509,118.83326266130855,120.56264486220077,118.35562376772879,119.64689581106165,118.34907980195344,1.2978160091082174,1.0965999999999965,143726.16,5218995.471,tushare_qfq
002594.SZ,20250512,120.23320857622222,121.97247252494127,118.7772338312718,121.97247252494127,119.64689581106165,2.325576713879613,1.9437000000000064,161370.17,5890708.994,tushare_qfq
002594.SZ,20250513,123.85673656085378,124.04779216512317,120.5725566047056,120.72737752540667,121.97247252494127,-1.2450949995346008,-1.0208000000000004,131771.07,4874657.844,tushare_qfq
002594.SZ,20250514,120.72735552202505,122.90143613988417,119.69302019777086,122.90143613988417,120.72737752540667,2.1740586144775023,1.8007999999999826,135693.07,5012059.707,tushare_qfq
002594.SZ,20250515,122.86850618741269,126.82138038110962,121.64311518736665,124.1202496820834,122.90143613988417,1.2188135421992286,0.9916999999999978,208801.37,7894571.015,tushare_qfq
002594.SZ,20250516,123.53719032655894,128.79451256107853,123.05955140174356,128.19499335889648,124.1202496820834,4.074743676813085,3.2828999999999753,229327.94,8858484.484,tushare_qfq
002594.SZ,20250519,127.80964954322263,127.80964954322263,124.18618009740962,126.1000307774254,128.19499335889648,-2.09496258147108,-1.634199999999995,161372.81,6159126.224,tushare_qfq
002594.SZ,20250520,126.32731857694752,130.04960984140516,125.66850596376916,130.04960984140516,126.1000307774254,3.949579063979755,3.1321000000000105,172099.91,6705400.029,tushare_qfq
002594.SZ,20250521,129.76629147984903,133.0801181851526,128.80113121677354,131.7624932526263,130.04960984140516,1.7128834112211564,1.317100000000007,199478.86,7967115.092,tushare_qfq
002594.SZ,20250522,131.75590512796367,133.5939919088378,131.10368078636316,131.36720577286843,131.7624932526263,-0.3952874797578829,-0.300000000000003,146362.8,5868800.084,tushare_qfq
002594.SZ,20250523,131.43313362144855,137.35585979316195,131.1465500970108,133.4095717210192,131.36720577286843,2.042365948150774,1.5546999999999913,235574.18,9627525.188,tushare_qfq
002594.SZ,20250526,132.3588019415726,132.75079560601716,125.1744474696936,125.50385391040334,133.4095717210192,-7.905717810615869,-5.925899999999993,309550.63,12014228.946,tushare_qfq
002594.SZ,20250527,123.81728428960012,125.50384514828576,121.51143936561587,122.67424402013937,125.50385391040334,-2.829609890263967,-2.2546000000000106,230275.44,8594833.865,tushare_qfq
002594.SZ,20250528,122.67425351955038,122.85213299888915,119.26819089665584,119.53501011566401,122.67424402013937,-3.139233904475361,-2.5589999999999957,177753.88,6513230.209,tushare_qfq
002594.SZ,20250529,118.45120707845665,120.56270138411841,116.96558471987093,118.95849276187617,119.53501011566401,-0.5765173537878354,-0.48229999999998985,192061.13,6942900.395,tushare_qfq
002594.SZ,20250530,117.60463638017323,118.1909795899562,115.72043235772466,116.04983865535554,118.95849276187617,-2.908654106520629,-2.4450999999999956,190559.91,6733498.591,tushare_qfq
002594.SZ,20250603,115.7039147862249,117.92411232546806,114.96275091926688,117.26859406091407,116.04983865535554,1.2187554055585252,1.050199999999984,181892.7,6453885.813,tushare_qfq
002594.SZ,20250604,118.42155899033098,120.0092972777674,117.97686050733529,118.75755339970549,117.26859406091407,1.4889593387914175,1.269699999999993,146904.1,5311224.037,tushare_qfq
002594.SZ,20250605,119.37354704165399,119.48883924470755,117.27852300902362,118.83332071877446,118.75755339970549,0.07576731906897294,0.06379999999996702,108612.75,3908084.318,tushare_qfq
002594.SZ,20250606,118.91565825216838,119.3702388848221,117.76273635775678,118.57307574640036,118.83332071877446,-0.26024497237409605,-0.21899999999998315,89697.68,3228098.168,tushare_qfq
002594.SZ,20250609,117.30815352814443,117.40368134046376,113.68139072250344,114.6794916581158,118.57307574640036,-3.8935840882845696,-3.283700000000018,255091.34,8932441.523,tushare_qfq
002594.SZ,20250610,115.16038911192263,116.93918230758733,114.70910269005954,116.32319281205159,114.6794916581158,1.643701153935794,1.4333000000000178,171785.88,6042960.183,tushare_qfq
002594.SZ,20250611,116.61308043369459,120.55607236271165,116.61308043369459,119.24174171970596,116.32319281205159,2.918548907654369,2.5089999999999955,203106.74,7326544.794,tushare_qfq
002594.SZ,20250612,118.54998127236816,118.54998127236816,116.28366692311174,116.35943033885724,119.24174171970596,-2.8823113808487193,-2.417199999999989,144046.96,5117764.844,tushare_qfq
002594.SZ,20250613,115.12744897512688,115.26250549609914,112.48890572393728,113.97452745463204,116.35943033885724,-2.3849028842251982,-2.049599999999983,210239.87,7256548.254,tushare_qfq
002594.SZ,20250616,113.97118442022573,114.31706072775265,112.26156724302126,113.45731104904289,113.97452745463204,-0.5172164055891528,-0.4538000000000287,102284.05,3508947.839,tushare_qfq
002594.SZ,20250617,113.31570164346313,114.10627630609193,112.78865186837724,113.23005605501167,113.45731104904289,-0.2272549940312132,-0.2002999999999826,70045.3,2408912.944,tushare_qfq
002594.SZ,20250618,112.92695169774373,115.02856173167291,112.64695663052747,114.28739831845337,113.23005605501167,1.0573422634416971,0.9337999999999983,102896.97,3565398.002,tushare_qfq
002594.SZ,20250619,113.32548383662628,113.74053516829548,112.11327042349726,112.162681296315,114.28739831845337,-2.1247170221383698,-1.8591000000000029,100381.21,3437688.887,tushare_qfq
002594.SZ,20250620,112.00788459256263,112.97633790757055,111.9321212379872,112.08035388824351,112.162681296315,-0.08232740807149241,-0.07339999999999751,73538.16,2507526.43,tushare_qfq
002594.SZ,20250623,110.96037181351602,111.90247263995701,109.88980269256032,111.40506975606684,112.08035388824351,-0.6752841321766709,-0.6025000000000034,94593.34,3185477.391,tushare_qfq
002594.SZ,20250624,112.40312742085368,114.0402740471223,112.40312742085368,113.11134980445075,111.40506975606684,1.706280048383917,1.5315999999999976,144712.59,4979495.319,tushare_qfq
002594.SZ,20250625,113.97109790430846,115.20307543591953,112.99276280567614,115.0515487876465,113.11134980445075,1.9401989831957422,1.7152999999999987,125738.27,4352301.72,tushare_qfq
002594.SZ,20250626,113.41765449730462,113.41765449730462,110.95370034076012,111.15463777866015,115.0515487876465,-3.8969110089863506,-3.387099999999979,204932.14,6967640.374,tushare_qfq
002594.SZ,20250627,110.02150098262955,110.9174844636857,109.83703379535328,110.10055834860509,111.15463777866015,-1.0540794300550544,-0.9483000000000182,138617.49,4633461.708,tushare_qfq
002594.SZ,20250630,110.10056264767182,110.10056264767182,108.2394204176594,109.33304735635697,110.10055834860509,-0.7675109922481198,-0.6970999999999943,144003.44,4768270.278,tushare_qfq
002594.SZ,20250701,108.80274046716193,109.80742820081268,108.30533768755123,109.1453225140461,109.33304735635697,-0.18772484231087105,-0.17170000000000563,88518.04,2931303.337,tushare_qfq
002594.SZ,20250702,109.36276022399473,109.97545520597254,108.35148409782707,108.92135631224728,109.1453225140461,-0.22396620179881666,-0.20519999999999453,93270.11,3083342.65,tushare_qfq
002594.SZ,20250703,109.02681009779808,110.43337387542088,108.92469422635473,110.20608370995022,108.92135631224728,1.2847273977029374,1.1794999999999822,123497.81,4123732.531,tushare_qfq
002594.SZ,20250704,109.54396004871666,110.34771065018671,108.62821141261551,109.03338077319265,110.20608370995022,-1.1727029367575739,-1.0640999999999943,104103.55,3454495.463,tushare_qfq
002594.SZ,20250707,108.4404463714239,108.86538007682833,108.19009783180579,108.23950872778305,109.03338077319265,-0.7938720454096,-0.7280999999999856,88207.72,2901015.557,tushare_qfq
002594.SZ,20250708,107.71575904327861,108.63150769814195,107.29411937485233,107.67623032436364,108.23950872778305,-0.5632784034194032,-0.5204000000000186,116918.14,3825413.668,tushare_qfq
002594.SZ,20250709,107.68281463661353,108.11433646951032,107.31387993978572,107.32046805937195,107.67623032436364,-0.3557622649916965,-0.3303999999999991,121633.11,3969384.13,tushare_qfq
002594.SZ,20250710,107.3237632551137,107.41599693029687,105.0310976148461,105.81508385390312,107.32046805937195,-1.505384205468829,-1.4027000000000174,210022.06,6741345.468,tushare_qfq
002594.SZ,20250711,105.37698101821168,107.66635275336823,105.08710373376022,106.69789909849625,105.81508385390312,0.8828152445931323,0.8343000000000177,168269.83,5456832.018,tushare_qfq
002594.SZ,20250714,106.6979037786107,106.6979037786107,104.60617555473931,104.9125231528811,106.69789909849625,-1.7853759456151437,-1.6733000000000058,172309.14,5502331.854,tushare_qfq
002594.SZ,20250715,104.81704077330443,107.05700267543665,104.75115954088878,106.41466065938404,104.9125231528811,1.5021375065029332,1.4317999999999824,162790.94,5252631.322,tushare_qfq
002594.SZ,20250716,106.41795659479185,107.35676417324527,106.41795659479185,106.6353646655916,106.41466065938404,0.22070400620755493,0.20739999999999287,110758.35,3594544.238,tushare_qfq
002594.SZ,20250717,107.05699567006435,108.28238651281094,106.76053014359341,108.05180221444463,106.6353646655916,1.4164375488530396,1.3282999999999874,156891.35,5138610.961,tushare_qfq
002594.SZ,20250718,108.41744647622306,108.53932675209036,107.13935061037145,108.41085835320322,108.05180221444463,0.3590561387585893,0.33229999999999055,136866.49,4482466.755,tushare_qfq
002594.SZ,20250721,108.04193689334161,110.06119684991403,107.80147037322777,110.06119684991403,108.41085835320322,1.650338496710802,1.52229999999999,153945.03,5102459.146,tushare_qfq
002594.SZ,20250722,110.35112495134695,112.66026341674677,109.7614875971293,112.5548533869425,110.06119684991403,2.493656537028471,2.265699999999972,214164.17,7227731.007,tushare_qfq
002594.SZ,20250723,112.68666130283508,112.98642119580354,111.00998234106646,111.36244727016124,112.5548533869425,-1.1924061167812567,-1.0593999999999892,158907.35,5395840.274,tushare_qfq
002594.SZ,20250724,111.36579100302592,114.1525710310832,111.21755802281011,112.89423773236231,111.36244727016124,1.531790462201073,1.3755000000000046,189063.27,6489370.096,tushare_qfq
002594.SZ,20250725,112.32770663226954,112.45946933799654,110.3512660463645,111.3164278658148,112.89423773236231,-1.5778098665475113,-1.3976000000000137,157040.76,5307866.611,tushare_qfq
002594.SZ,20250728,111.31643336226988,111.7018392955515,110.52585708887167,111.01008505632808,111.3164278658148,-0.306342809486722,-0.2751999999999997,117056.7,3947000.994,tushare_qfq
002594.SZ,20250729,112.01004554031958,112.50004573954068,109.7700446295945,111.42004530044109,111.01008505632808,0.4099602441130088,0.36929999999999025,387359.84,4322742.015,tushare_qfq
002594.SZ,20250730,108.05005880083655,111.16006049329931,107.12005829473033,108.70005915456672,111.42004530044109,-2.7199861458743726,-2.4412000000000043,524834.27,5743878.668,tushare_qfq
002594.SZ,20250731,108.2000283471022,108.2000283471022,105.00002750874057,105.2400275716177,108.70005915456672,-3.4600315829490143,-3.1831000000000014,599499.43,6344900.791,tushare_qfq
002594.SZ,20250801,104.95000967992763,106.24000979890911,104.36000962550975,105.80000975832628,105.2400275716177,0.5599821867085808,0.5321000000000029,362336.92,3816659.558,tushare_qfq
002594.SZ,20250804,103.99997310107418,105.13997280622056,102.56997347093439,104.87997287346786,105.80000975832628,-0.9200368848584191,-0.8696000000000129,412936.94,4293903.59,tushare_qfq
002594.SZ,20250805,104.87994078735751,105.2099406010477,103.77994140839019,104.85994079864902,104.87997287346786,-0.02003207481884317,-0.019100000000010307,338349.86,3539636.64,tushare_qfq
002594.SZ,20250806,104.85990156786718,104.99990143644911,103.89990246901965,104.34990204660441,104.85994079864902,-0.5100387520446077,-0.4863999999999798,305619.6,3184784.993,tushare_qfq
002594.SZ,20250807,104.26985346637251,106.42985043086244,104.15985362095867,105.32985197672404,104.34990204660441,0.9799499301196306,0.9390999999999698,428762.98,4526612.773,tushare_qfq
002594.SZ,20250808,104.99980560325403,105.0298055477121,103.90980762127738,103.92980758424945,105.32985197672404,-1.400044392474598,-1.329199999999983,326614.61,3405317.252,tushare_qfq
002594.SZ,20250811,103.87983235713374,105.65982948454709,103.22983340611202,105.51982971048086,103.92980758424945,1.5900221262314176,1.529899999999986,356697.9,3741329.572,tushare_qfq
002594.SZ,20250812,105.39987921773348,106.42987803741343,104.69988001989275,105.6698789083292,105.51982971048086,0.15004919784833248,0.1422000000000272,312195.04,3302639.096,tushare_qfq
002594.SZ,20250813,106.2899232290152,107.64992224671641,105.83992355404054,106.8299228389848,105.6698789083292,1.160043930655604,1.097799999999968,459830.14,4908744.877,tushare_qfq
002594.SZ,20250814,107.36991237513823,107.49991226904498,105.78991366457925,106.36991319124014,106.8299228389848,-0.4600096477446556,-0.4305999999999878,419547.93,4478119.017,tushare_qfq
002594.SZ,20250815,105.84995013967121,106.63994976754405,105.31995038932614,106.06995003604085,106.36991319124014,-0.2999631551992934,-0.2819999999999964,361353.46,3831047.052,tushare_qfq
002594.SZ,20250818,105.65997156200864,109.48997053117854,105.65997156200864,108.36997083262234,106.06995003604085,2.3000207965814923,2.1683999999999837,619251.73,6680761.816,tushare_qfq
002594.SZ,20250819,108.67002087152308,108.92002091953891,107.1800205853487,107.6300206717772,108.36997083262234,-0.7399501608451402,-0.6827999999999952,389735.19,4205349.329,tushare_qfq
002594.SZ,20250820,107.17996989142675,108.2599695880375,106.00997022009844,108.24996959084666,107.6300206717772,0.6199489190694578,0.5760000000000196,385053.45,4130459.252,tushare_qfq
002594.SZ,20250821,107.79992140354692,108.82992065257895,106.99992198682301,107.09992191391349,108.24996959084666,-1.1500476769331698,-1.0624000000000138,449463.78,4843670.255,tushare_qfq
002594.SZ,20250822,107.10992577829872,110.96992310351796,107.10992577829872,110.65992331833196,107.09992191391349,3.560001404418472,3.3239999999999883,763120.05,8351469.726,tushare_qfq
002594.SZ,20250825,111.30993892462874,112.48993827716724,110.3099394733249,111.60993876001987,110.65992331833196,0.9500154416879099,0.8585000000000271,611627.58,6803182.883,tushare_qfq
002594.SZ,20250826,111.74994864491123,114.68994729382432,110.70994912284672,113.74994772580449,111.60993876001987,2.1400089657846166,1.9173999999999962,692915.85,7850511.029,tushare_qfq
002594.SZ,20250827,113.9599489163414,114.05994887151546,110.65995039559793,110.67995038663275,113.74994772580449,-3.069997339171735,-2.698899999999998,689746.93,7761766.931,tushare_qfq
002594.SZ,20250828,109.38991510195453,110.18991448107111,107.10991687147225,109.31991515628182,110.67995038663275,-1.360035230350931,-1.228799999999989,762521.99,8278465.956,tushare_qfq
002594.SZ,20250829,108.87992111072492,116.58991552442524,108.11992166138482,114.05991735754303,109.31991515628182,4.7400022012612055,4.335899999999984,1144901.94,12973326.091,tushare_qfq
002594.SZ,20250901,108.49997726796516,111.47997664361988,108.49997726796516,109.69997701655096,114.05991735754303,-4.359940340992068,-3.822499999999988,1329867.38,14546890.247,tushare_qfq
002594.SZ,20250902,108.78997216422472,111.09997157317186,108.59997221283945,110.01997184950825,109.69997701655096,0.3199948329572919,0.29170000000001167,773224.1,8495472.755,tushare_qfq
002594.SZ,20250903,110.49995026778515,110.72995016427015,107.00995183851303,107.20995174849996,110.01997184950825,-2.8100201010082912,-2.554100000000001,735223.27,7975948.716,tushare_qfq
002594.SZ,20250904,106.58997804983738,107.089977946872,103.70997864291805,103.99997858319811,107.20995174849996,-3.2099731653018466,-2.9941000000000084,815740.74,8588835.881,tushare_qfq
002594.SZ,20250905,103.85996311921045,107.49996182664282,103.10996338553619,107.25996191186707,103.99997858319811,3.2599833286689517,3.134600000000023,787523.85,8307907.948,tushare_qfq
002594.SZ,20250908,106.15000210851856,107.13000212798485,105.51000209580587,106.25000211050491,107.25996191186707,-1.0099598013621574,-0.9416000000000159,555923.45,5910440.232,tushare_qfq
002594.SZ,20250909,105.99999582532278,107.19999577806229,105.2699958540729,105.48999584540849,106.25000211050491,-0.7600062650964219,-0.7152999999999814,381636.22,4049249.507,tushare_qfq
002594.SZ,20250910,105.52000385853083,106.45000389253796,105.02000384024741,105.20000384682945,105.48999584540849,-0.28999199857904046,-0.27490000000001186,322368.95,3401353.898,tushare_qfq
002594.SZ,20250911,105.25001135311439,106.60001149873628,104.89001131428189,106.59001149765761,105.20000384682945,1.3900076508281671,1.321300000000009,537781.49,5683446.689,tushare_qfq
002594.SZ,20250912,106.59996701077,107.5799667074919,105.89996722739723,105.90996722430255,106.59001149765761,-0.6800442733550653,-0.6380000000000091,455910.18,4859782.579,tushare_qfq
002594.SZ,20250915,105.99995464613238,110.849952570979,105.99995464613238,108.69995349089236,105.90996722430255,2.789986266589807,2.6343000000000045,974804.07,10620465.041,tushare_qfq
002594.SZ,20250916,108.99991696180582,108.99991696180582,107.21991831784239,107.79991787598777,108.69995349089236,-0.9000356149045814,-0.8279999999999933,533160.21,5753437.964,tushare_qfq
002594.SZ,20250917,108.19993472882916,111.999932436496,108.19993472882916,110.98993304577401,107.79991787598777,3.1900151697862356,2.959200000000005,981239.71,10827682.692,tushare_qfq
002594.SZ,20250918,110.98988481963138,112.7998829412958,108.55988734137476,109.7098861479571,110.98993304577401,-1.2800468978169022,-1.1532999999999916,934013.8,10362193.293,tushare_qfq
002594.SZ,20250919,109.7999150319056,110.79991425806139,108.99991565098097,109.08991558133499,109.7098861479571,-0.6199705666221149,-0.5651000000000085,472977.48,5188176.204,tushare_qfq
002594.SZ,20250922,108.86996165256477,108.9099616384755,107.14996225840281,107.98996196252841,109.08991558133499,-1.0999536188065804,-1.0082999999999815,491559.23,5293961.578,tushare_qfq
002594.SZ,20250923,107.44992686518898,107.68992670183528,104.63992877778851,105.59992812437372,107.98996196252841,-2.390033838154693,-2.213200000000013,650962.62,6888232.046,tushare_qfq
002594.SZ,20250924,104.99996349631375,105.82996320776081,103.99996384396792,105.7099632494793,105.59992812437372,0.11003512510558267,0.10419999999998603,548162.27,5758922.305,tushare_qfq
002594.SZ,20250925,105.33995106068495,108.7999494532231,104.8699512790396,107.49995005718276,105.7099632494793,1.7899868077034569,1.6933000000000225,693482.04,7421942.405,tushare_qfq
002594.SZ,20250926,107.45000265868002,111.23000275221014,107.00000264754549,107.29000265472108,107.49995005718276,-0.20994740246167964,-0.19530000000000158,756612.07,8250492.997,tushare_qfq
002594.SZ,20250929,106.9999916825328,109.13999151618344,106.38999172995013,108.60999155738212,107.29000265472108,1.3199889026610379,1.2303000000000042,613983.68,6621874.267,tushare_qfq
002594.SZ,20250930,108.18995358830796,109.97995282042804,107.75995377277074,109.2099531507451,108.60999155738212,0.5999615933629769,0.5523999999999983,567755.5,6200518.75,tushare_qfq
002594.SZ,20251009,108.6699778282228,112.47997705087421,108.0699779506399,110.59997743444778,109.2099531507451,1.3900242837026866,1.2728000000000028,1008721.97,11196004.667,tushare_qfq
002594.SZ,20251010,110.5499628810563,110.5499628810563,107.57996387828166,107.78996380777077,110.59997743444778,-2.810013626677005,-2.5406999999999913,590102.53,6420415.513,tushare_qfq
002594.SZ,20251013,104.99999973461175,105.9799997321348,104.0999997368865,105.68999973286778,107.78996380777077,-2.0999640749029993,-1.9482000000000084,744429.8,7841774.365,tushare_qfq
002594.SZ,20251014,106.6799476132754,109.35994629722344,105.61994813380342,105.98994795210966,105.68999973286778,0.29994821924188386,0.2838000000000048,767786.27,8244228.529,tushare_qfq
002594.SZ,20251015,106.44998079428515,107.50998060303989,105.4999809656842,107.0999806770121,105.98994795210966,1.1100327249024389,1.0472999999999948,475791.33,5063179.652,tushare_qfq
002594.SZ,20251016,107.00000100264207,109.30000102419419,106.51000099805053,106.96000100226725,107.0999806770121,-0.1399796747448505,-0.13069999999999599,523096.38,5628738.804,tushare_qfq
002594.SZ,20251017,106.59996849727527,106.62996848840959,104.25996918879851,104.42996913855964,106.96000100226725,-2.530031863707606,-2.365399999999978,625724.94,6576614.911,tushare_qfq
002594.SZ,20251020,105.2199876900624,105.62998764209551,104.0799878234337,104.51998777195705,104.42996913855964,0.09001863339740623,0.08619999999996919,355614.52,3721699.722,tushare_qfq
002594.SZ,20251021,104.68996568682466,105.06996556227594,104.23996583431658,104.75996566388149,104.51998777195705,0.23997789192443975,0.22960000000002523,299074.19,3133789.475,tushare_qfq
002594.SZ,20251022,104.09993598832607,104.31993585304683,103.36993643720717,103.77993618509586,104.75996566388149,-0.9800294787856245,-0.9355000000000125,357874.19,3715302.136,tushare_qfq
002594.SZ,20251023,103.2999591347067,103.72995896459948,101.99995964898434,103.6899589804234,103.77993618509586,-0.08997720467246495,-0.08669999999998731,378603.42,3889661.811,tushare_qfq
002594.SZ,20251024,103.97994959609102,104.36994940704001,103.6099497754471,103.75994970273518,103.6899589804234,0.06999072231178616,0.06750000000000035,305542.68,3173964.302,tushare_qfq
002594.SZ,20251027,103.99990743046999,104.9699065670811,103.87990753728099,104.00990742156908,103.75994970273518,0.2499577188338975,0.2409000000000081,345987.84,3607756.848,tushare_qfq
002594.SZ,20251028,104.01992759084536,104.31992738201296,103.49992795282152,103.71992779967776,104.00990742156908,-0.28997962189131954,-0.2787999999999855,265415.83,2755526.047,tushare_qfq
002594.SZ,20251029,103.72992021046784,105.17991909512202,102.99992077198677,104.51991960279666,103.71992779967776,0.7999918031188997,0.7712999999999857,397340.4,4128608.369,tushare_qfq
002594.SZ,20251030,103.99996906673498,104.85996881094066,103.4999692154526,103.60996918273472,104.51991960279666,-0.9099504200619464,-0.8705999999999986,358989.45,3733925.603,tushare_qfq
002594.SZ,20251031,101.00001668618228,101.32001673904938,100.00001652097255,100.79001665148823,103.60996918273472,-2.8199525312464857,-2.721699999999995,637052.59,6418551.106,tushare_qfq
002594.SZ,20251103,100.78998879256095,100.98998877032174,98.49998904719965,99.5999889248841,100.79001665148823,-1.1900277266041286,-1.180700000000007,551670.21,5472679.665,tushare_qfq
002594.SZ,20251104,99.00001814497267,99.54001824394525,97.71001790853818,97.8000179250336,99.5999889248841,-1.7999709998505011,-1.8071999999999957,435017.04,4274197.474,tushare_qfq
002594.SZ,20251105,96.66000762631933,96.66000762631933,94.73000747404542,95.8000075584667,97.8000179250336,-2.0000103665668973,-2.0449999999999595,587215.1,5617215.879,tushare_qfq
002594.SZ,20251106,95.58000087638334,97.7500008962803,95.4000008747329,97.5200008941714,95.8000075584667,1.7199933357047001,1.7953999999999883,402003.67,3897723.836,tushare_qfq
002594.SZ,20251107,97.00003769351903,98.15003814040097,96.83003762745822,97.20003777123763,97.5200008941714,-0.31996312293377116,-0.3280999999999947,322560.73,3145817.991,tushare_qfq
002594.SZ,20251110,97.3500507585989,100.35005232280841,97.3500507585989,99.39005182226137,97.20003777123763,2.190014051023738,2.253099999999982,554876.9,5513238.813,tushare_qfq
002594.SZ,20251111,99.50002528847635,99.78002535963991,98.14002494282482,98.71002508769347,99.39005182226137,-0.6800267345679032,-0.6841999999999908,319857.88,3161124.11,tushare_qfq
002594.SZ,20251112,98.80000961906308,98.99000963756127,97.54000949639082,97.77000951878337,98.71002508769347,-0.9400155689100984,-0.9522999999999935,260643.35,2555847.684,tushare_qfq
002594.SZ,20251113,97.01002295214437,100.5000237778632,97.01002295214437,99.8300236193441,97.77000951878337,2.0600141005607355,2.106999999999969,579990.22,5759429.264,tushare_qfq
002594.SZ,20251114,99.00000958490608,100.50000973013192,98.33000952003853,98.37000952391122,99.8300236193441,-1.4600140954328822,-1.4624999999999746,342984.66,3396134.916,tushare_qfq
002594.SZ,20251117,97.80001469376668,98.59001481245866,97.25001461113303,98.08001473583472,98.37000952391122,-0.28999478807649837,-0.2948000000000082,207247.59,2029207.779,tushare_qfq
002594.SZ,20251118,97.54004004806205,97.85004017534212,96.02003942397906,96.49003961695207,98.08001473583472,-1.5899751188826485,-1.6211000000000326,304756.45,2949162.765,tushare_qfq
002594.SZ,20251119,96.40005659713407,96.66005674978193,95.01005578105506,95.1700558749922,96.49003961695207,-1.3199837419598737,-1.3679999999999681,348292.35,3327809.284,tushare_qfq
002594.SZ,20251120,95.17002879102373,95.500028890856,93.5000282858119,93.61002831908931,95.1700558749922,-1.5600275559028915,-1.6392000000000204,391810.87,3692348.085,tushare_qfq
002594.SZ,20251121,92.49004513132806,94.39004605845017,91.70004474584046,92.70004523379946,93.61002831908931,-0.9099830852898521,-0.9720999999999839,451713.13,4182916.493,tushare_qfq
002594.SZ,20251124,93.10008140824047,94.410082553727,92.200080621265,93.93008213400675,92.70004523379946,1.2300369002072955,1.3269000000000113,327302.13,3064736.739,tushare_qfq
002594.SZ,20251125,94.00007509841495,95.3800762009236,93.70007485873917,93.91007502651222,93.93008213400675,-0.020007107494535603,-0.021299999999991655,277488.87,2620855.758,tushare_qfq
002594.SZ,20251126,94.75005492213825,95.44005532209894,94.4500547482423,95.09005511922034,93.91007502651222,1.1799800927081208,1.2564999999999944,306576.97,2914626.393,tushare_qfq
002594.SZ,20251127,94.60006269093773,95.16006306204687,94.22006243911368,94.29006248550232,95.09005511922034,-0.7999926337180199,-0.8413000000000201,202279.96,1915349.541,tushare_qfq
002594.SZ,20251128,94.60007120961522,95.23007168384417,94.2000709085175,95.17007163867952,94.29006248550232,0.8800091531771983,0.9333000000000055,219350.62,2080615.71,tushare_qfq
002594.SZ,20251201,95.39011846842513,96.30011959858832,95.14011815794073,95.7701189403614,95.17007163867952,0.600047301681883,0.630500000000009,233712.72,2237016.414,tushare_qfq
002594.SZ,20251202,96.42007858295575,97.80007970766513,96.2500784444046,96.62007874595712,95.7701189403614,0.8499598055957165,0.8875000000000095,359217.46,3483571.735,tushare_qfq
002594.SZ,20251203,96.64010074393534,96.65010075436,94.89009891961945,95.05009908641404,96.62007874595712,-1.5699796595430797,-1.624900000000023,231572.84,2207429.346,tushare_qfq
002594.SZ,20251204,94.92010388426692,95.29010428920982,94.20010309626996,95.2401042344878,95.05009908641404,0.1900051480737659,0.1999000000000255,166141.64,1576759.405,tushare_qfq
002594.SZ,20251205,95.29011898282874,96.22012014406319,94.710118258618,95.98011984438979,95.2401042344878,0.7400156099019881,0.7770000000000188,211618.47,2021250.209,tushare_qfq
002594.SZ,20251208,96.21008564623382,97.15008648302273,96.21008564623382,96.53008593109814,95.98011984438979,0.549966086708352,0.5729999999999984,247804.98,2397261.754,tushare_qfq
002594.SZ,20251209,96.21006019860106,96.66006048016608,95.70005987949405,96.03006008597505,96.53008593109814,-0.5000258451230906,-0.5180000000000022,163227.02,1568057.388,tushare_qfq
002594.SZ,20251210,95.60006919161631,96.6500699515661,94.90006868498315,96.47006982128899,96.03006008597505,0.44000973531393583,0.4581999999999981,198402.24,1902988.18,tushare_qfq
002594.SZ,20251211,96.98005269509396,97.12005277116442,95.85005208109668,96.23005228757364,96.47006982128899,-0.24001753371534562,-0.24879999999997787,250907.67,2422448.208,tushare_qfq
002594.SZ,20251212,96.20008446357899,97.70008578057866,95.65008398067911,97.00008516597882,96.23005228757364,0.7700328784051749,0.800200000000011,554620.88,5390456.375,tushare_qfq
002594.SZ,20251215,96.55004939714325,97.16004970923292,95.5300488752884,95.5300488752884,97.00008516597882,-1.470036290690416,-1.5155000000000074,293300.99,2824248.327,tushare_qfq
002594.SZ,20251216,95.50004230412736,95.7000423927224,94.14004170168116,94.25004175040843,95.5300488752884,-1.2800071248799725,-1.3398999999999823,258767.71,2450336.536,tushare_qfq
002594.SZ,20251217,94.50007213372102,95.70007304970478,93.68007150779879,95.21007267567808,94.25004175040843,0.9600309252696491,1.0185999999999882,272825.0,2584139.145,tushare_qfq
002594.SZ,20251218,94.39009177953137,94.60009198372357,93.5000909141454,93.53009094331571,95.21007267567808,-1.6799817323623643,-1.7645000000000257,252797.34,2376126.962,tushare_qfq
002594.SZ,20251219,94.00006997272563,95.27007091810181,93.73006977174015,94.23007014393549,93.53009094331571,0.6999792006197794,0.7484000000000048,272067.94,2573037.718,tushare_qfq
002594.SZ,20251222,94.7000963639678,95.36009703556462,94.25009590606088,94.3700960281694,94.23007014393549,0.14002588423390705,0.14860000000002008,206234.82,1952361.858,tushare_qfq
002594.SZ,20251223,94.50004925427784,95.50004977548713,94.50004925427784,94.81004941585272,94.3700960281694,0.4399533876833175,0.4661999999999913,236617.41,2247679.864,tushare_qfq
002594.SZ,20251224,94.80009606768674,94.80009606768674,94.05009530765757,94.4200956826053,94.81004941585272,-0.3899537332474239,-0.41130000000002287,192809.95,1819358.259,tushare_qfq
002594.SZ,20251225,94.4300759384887,95.23007658183076,94.12007568919365,94.84007626820151,94.4200956826053,0.4199805855962211,0.4447999999999923,182201.63,1725723.851,tushare_qfq
002594.SZ,20251226,95.28008893099465,101.45009468985523,95.2500889029937,100.01009334580998,94.84007626820151,5.170017077608463,5.451299999999994,1020958.95,10178557.962,tushare_qfq
002594.SZ,20251229,100.5001138610559,101.30011476741255,99.60011284140464,100.2101135325016,100.01009334580998,0.20002018669161714,0.19999999999999718,519166.96,5209488.142,tushare_qfq
002594.SZ,20251230,99.26014837891043,100.15014970932782,98.74014760158789,99.75014911138742,100.2101135325016,-0.45996442111417934,-0.458999999999997,318756.38,3174697.986,tushare_qfq
002594.SZ,20251231,99.98013692187494,100.20013722316332,97.38013336119405,97.72013382682155,99.75014911138742,-2.030015284565863,-2.0351000000000177,402858.87,3955310.311,tushare_qfq
002594.SZ,20260105,98.40013527961435,99.48013676439061,97.90013459221794,98.11013488092442,97.72013382682155,0.3900010541028678,0.3991000000000235,382625.21,3762797.878,tushare_qfq
002594.SZ,20260106,98.2201191385444,100.50012190413065,98.12011901724676,99.99012128551267,98.11013488092442,1.8799864045882515,1.9161999999999773,521784.86,5185026.166,tushare_qfq
002594.SZ,20260107,99.96016121268822,99.96016121268822,97.06015653564945,97.60015740654632,99.99012128551267,-2.3899638789663555,-2.3902000000000316,560848.81,5502570.731,tushare_qfq
002594.SZ,20260108,97.2001615773,97.2001615773,96.33016013108342,96.88016104535825,97.60015740654632,-0.7199963611880662,-0.7376999999999734,300654.75,2908439.429,tushare_qfq
002594.SZ,20260109,97.05017429331761,97.95017590963896,96.90017402393073,97.01017422148111,96.88016104535825,0.13001317612285845,0.13419999999998727,350340.58,3412630.185,tushare_qfq
002594.SZ,20260112,97.01019554042983,98.00019753594601,96.30019410930205,97.47019646763937,97.01017422148111,0.4600222461582604,0.47419999999999685,425257.19,4125432.529,tushare_qfq
002594.SZ,20260113,99.00016765845865,99.60016867457053,96.8801640681967,97.19016459318784,97.47019646763937,-0.2800318744515238,-0.2872999999999958,498722.72,4905229.942,tushare_qfq
002594.SZ,20260114,96.81017820421664,97.74017991612574,95.51017581122541,96.10017689727526,97.19016459318784,-1.0899876959125834,-1.1214999999999813,514749.73,4975154.616,tushare_qfq
002594.SZ,20260115,96.08012915680786,96.64012990959525,95.60012851156152,95.67012860565995,96.10017689727526,-0.4300482916153072,-0.4475000000000004,295635.46,2835803.09,tushare_qfq
002594.SZ,20260116,96.70013061568481,97.44013161522574,95.60012912988074,95.8601294810708,95.67012860565995,0.19000087541084554,0.1986000000000051,384588.02,3705328.916,tushare_qfq
002594.SZ,20260119,96.81017704069534,97.30017793677983,95.77017513880169,96.19017590687412,95.8601294810708,0.33004642580331733,0.34429999999999017,334927.15,3227653.862,tushare_qfq
002594.SZ,20260120,96.2202084007529,96.26020848738801,94.68020506530124,94.74020519525389,96.19017590687412,-1.4499707116202245,-1.5074000000000043,389149.47,3699337.566,tushare_qfq
002594.SZ,20260121,94.01023488429468,94.94023720790274,94.00023485930964,94.10023510915997,94.74020519525389,-0.6399700860939248,-0.6754999999999839,308333.93,2910327.666,tushare_qfq
002594.SZ,20260122,94.72028023437146,95.13028144737919,93.89027777877045,94.12027845923821,94.10023510915997,0.02004335007823954,0.021299999999987745,291014.25,2741536.605,tushare_qfq
002594.SZ,20260123,94.24024331189392,94.36024362171382,93.5102414271562,93.65024178861276,94.12027845923821,-0.4700366706254471,-0.49940000000001217,383302.72,3598066.421,tushare_qfq
002594.SZ,20260126,93.6502055943058,93.66020561625926,92.50020306965601,92.6302033550512,93.65024178861276,-1.0200384335615666,-1.0891999999999962,375459.61,3485372.554,tushare_qfq
002594.SZ,20260127,92.67024305051984,92.9902438898008,91.80024076872473,91.81024079495226,92.6302033550512,-0.8199625600989293,-0.8852000000000174,362980.92,3340756.01,tushare_qfq
002594.SZ,20260128,91.80025419355104,93.50025890083903,90.0102492370537,93.34025845780016,91.81024079495226,1.5300176628478965,1.6665000000000187,715566.18,6553150.013,tushare_qfq
002594.SZ,20260129,92.66024964870392,92.92025034920752,91.6102468197471,92.31024870571832,93.34025845780016,-1.0300097520818383,-1.1035000000000146,371824.81,3423462.525,tushare_qfq
002594.SZ,20260130,92.27024379611913,92.27024379611913,90.7002396478596,90.89024014987828,92.31024870571832,-1.4200085558400417,-1.5382999999999747,329175.6,3001871.204,tushare_qfq
002594.SZ,20260202,88.00022077717604,89.09022351180242,86.97021819307955,87.05021839378607,90.89024014987828,-3.840021756092213,-4.224900000000006,646973.85,5676850.727,tushare_qfq
002594.SZ,20260203,87.20021457827241,87.40021507042441,85.8802113300692,87.37021499660162,87.05021839378607,0.3199966028155501,0.3675999999999914,377826.85,3275997.179,tushare_qfq
002594.SZ,20260204,86.99024219622082,89.33024871121286,86.45024069276113,89.14024818221777,87.37021499660162,1.7700331856161569,2.0259000000000054,376504.71,3322530.225,tushare_qfq
002594.SZ,20260205,88.50026749661409,91.23027574820456,88.33026698277878,90.11027236293667,89.14024818221777,0.9700241807188945,1.0882000000000007,354240.31,3184480.193,tushare_qfq
002594.SZ,20260206,89.3902960822044,90.6603002887644,89.00029479042612,89.82029750647274,90.11027236293667,-0.2899748564639282,-0.32179999999999775,247087.79,2217096.985,tushare_qfq
002594.SZ,20260209,90.50029879411069,90.65029928934955,89.83029658204379,90.06029734141003,89.82029750647274,0.2399998349372936,0.26719999999999827,208179.51,1875980.039,tushare_qfq
002594.SZ,20260210,90.00031664783873,91.57032217158435,89.84031608490925,90.81031949766928,90.06029734141003,0.7500221562592486,0.8327999999999842,267604.81,2434219.975,tushare_qfq
002594.SZ,20260211,90.88035153433586,92.95035954133493,90.88035153433586,92.28035694969755,90.81031949766928,1.470037452028265,1.6187999999999942,396949.59,3662117.779,tushare_qfq
002594.SZ,20260212,92.29035459911545,92.35035482964904,91.08034995002095,91.1603502573991,92.28035694969755,-1.1200066922984462,-1.2136999999999643,230313.32,2106032.227,tushare_qfq
002594.SZ,20260213,90.05035090055546,91.09035495315487,89.88035023811132,90.2703517578361,91.1603502573991,-0.8899984995630064,-0.9763000000000207,217338.87,1963579.417,tushare_qfq
002594.SZ,20260224,91.98038341293673,91.9903834546211,90.61037770217652,90.87037878597043,90.2703517578361,0.6000270281343347,0.6646999999999981,206444.58,1879888.761,tushare_qfq
002594.SZ,20260225,90.89040193730744,92.79041033956165,90.89040193730744,91.45040441376132,90.87037878597043,0.5800256277908886,0.6383000000000434,324780.1,2985714.58,tushare_qfq
002594.SZ,20260226,91.40039483389901,91.40039483389901,89.61038710137517,89.85038813813814,91.45040441376132,-1.600016275623176,-1.7496000000000087,291018.94,2619922.211,tushare_qfq
002594.SZ,20260227,89.40036102157309,89.9403632022403,89.10035981009129,89.32036069851127,89.85038813813814,-0.5300274396268776,-0.5899000000000008,219340.83,1962319.079,tushare_qfq
002594.SZ,20260302,88.00036467808167,97.25040301072093,87.72036351774231,96.79040110444915,89.32036069851127,7.47004040593788,8.363199999999985,1435136.88,13507227.574,tushare_qfq
002594.SZ,20260303,96.39039948731742,96.99040197401095,93.99038954054325,95.21039459682011,96.79040110444915,-1.5800065076290366,-1.6324000000000092,865741.45,8272503.576,tushare_qfq
002594.SZ,20260304,95.20035520177947,96.80036117155728,93.70034960511279,95.99035814935726,95.21039459682011,0.7799635525371542,0.8192000000000041,700968.92,6674964.518,tushare_qfq
002594.SZ,20260305,96.80035948085553,96.82035955512843,93.890348674148,94.47035082806221,95.99035814935726,-1.5200073212950542,-1.583499999999981,552439.97,5235746.09,tushare_qfq
002594.SZ,20260306,96.00031440595905,96.00031440595905,93.25030539953833,93.6203066113113,94.47035082806221,-0.8500442167509021,-0.8997999999999984,503540.37,4743654.925,tushare_qfq
002594.SZ,20260309,93.6203276931605,98.00034302424406,93.00032552300712,97.52034134412531,93.6203066113113,3.9000347328140066,4.1658,1093408.99,10562485.735,tushare_qfq
002594.SZ,20260310,97.180336451933,97.49033752520012,96.08033264356578,96.60033444388482,97.52034134412531,-0.9200069002404945,-0.9434000000000167,507462.43,4907397.251,tushare_qfq
002594.SZ,20260311,96.75032053159144,100.34033242521846,95.67031695356438,99.22032871467187,96.60033444388482,2.6199942707870463,2.7122000000000024,903743.75,8925093.668,tushare_qfq
002594.SZ,20260312,99.23037182437835,100.69037729513913,98.70036983841725,99.10037133725581,99.22032871467187,-0.11995737741605694,-0.1209000000000188,502523.57,4995016.177,tushare_qfq
002594.SZ,20260313,99.00039400667787,100.790401130637,98.30039122077206,99.67039667318771,99.10037133725581,0.5700253359319021,0.5752000000000067,519764.82,5199004.697,tushare_qfq
002594.SZ,20260316,99.67040703845166,105.00042880543216,98.79040344465375,104.6204272535649,99.67039667318771,4.950030580377188,4.966399999999994,1087814.26,11184164.655,tushare_qfq
002594.SZ,20260317,104.63044891822858,106.66045762800593,102.7104406804096,102.87044136689454,104.6204272535649,-1.749985886670359,-1.6726999999999799,841388.6,8793237.613,tushare_qfq
002594.SZ,20260318,102.82041914036087,102.82041914036087,100.05040784860051,101.69041453397489,102.87044136689454,-1.1800268329196513,-1.1471000000000038,617996.48,6257459.33,tushare_qfq
002594.SZ,20260319,100.99041555977252,103.88042745171965,100.47041342004499,102.31042099138851,101.69041453397489,0.6200064574136235,0.6096999999999789,531059.39,5450382.395,tushare_qfq
002594.SZ,20260320,102.00037563077066,104.45038465327447,101.56037401040264,103.03037942390492,102.31042099138851,0.7199584325164068,0.7037000000000058,628783.24,6495105.104,tushare_qfq
002594.SZ,20260323,103.87036361163199,111.82039144173186,103.18036119618935,107.630376774044,103.03037942390492,4.599997350139077,4.464699999999994,1782445.51,19284919.429,tushare_qfq
002594.SZ,20260324,108.40039904747596,108.40039904747596,104.93038627353923,106.64039256847634,107.630376774044,-0.9899842055676515,-0.9197999999999953,921446.17,9784806.491,tushare_qfq
002594.SZ,20260325,106.72040287427023,107.66040642282546,105.28039743818563,106.60040242126317,106.64039256847634,-0.03999014721317451,-0.037499999999996134,662664.89,7061311.678,tushare_qfq
002594.SZ,20260326,106.62037892739087,107.68038269463,102.70036499571415,103.14036655947379,106.60040242126317,-3.460035861789379,-3.2458000000000182,828120.67,8655663.075,tushare_qfq
002594.SZ,20260327,103.99032798422525,105.89033397682095,102.75032407326805,105.30033211596229,103.14036655947379,2.159965556488501,2.0942000000000007,658454.64,6893710.026,tushare_qfq
002594.SZ,20260330,103.51037712741095,108.0003934862369,103.25037618012925,106.05038638162428,105.30033211596229,0.7500542656619871,0.7122999999999883,727557.23,7713482.118,tushare_qfq
002594.SZ,20260331,107.00034795765757,108.49035280304925,105.10034177897019,105.2503422667613,106.05038638162428,-0.8000441148629847,-0.7544000000000104,588659.01,6283345.063,tushare_qfq
002594.SZ,20260401,105.90035392341791,106.50035592864974,102.37034212597065,102.6503430617455,105.2503422667613,-2.5999992050157914,-2.470299999999988,715198.11,7383168.512,tushare_qfq
002594.SZ,20260402,102.49032609226461,103.48032924214598,100.50031976068487,101.650323419638,102.6503430617455,-1.0000196421075032,-0.9741999999999791,604349.47,6153958.208,tushare_qfq
002594.SZ,20260403,101.80037309541306,102.30037492790527,99.00036283345672,99.01036287010656,101.650323419638,-2.6399605495314376,-2.597100000000019,491745.16,4921224.066,tushare_qfq
002594.SZ,20260407,99.50036361996631,99.77036460667375,97.45035612829867,97.98035806516884,99.01036287010656,-1.0300048049377182,-1.0402999999999996,379697.46,3731963.03,tushare_qfq
002594.SZ,20260408,98.50036253456119,101.28037276650109,98.11036109914517,101.22037254566786,97.98035806516884,3.2400144804990134,3.3068000000000106,562818.4,5621410.29,tushare_qfq
002594.SZ,20260409,100.21037295693915,100.21037295693915,98.81036774648396,99.03036856526978,101.22037254566786,-2.1900039803980746,-2.1636000000000046,379062.93,3764528.22,tushare_qfq
002594.SZ,20260410,99.39040976096206,102.2004213459133,99.03040827676901,101.67041916085131,99.03036856526978,2.6400505955815277,2.6659000000000006,605731.35,6130392.652,tushare_qfq
002594.SZ,20260413,101.57039723610693,104.99041061158675,100.8103942637781,104.25040771747709,101.67041916085131,2.5799885566257785,2.5376000000000154,663135.98,6887089.022,tushare_qfq
002594.SZ,20260414,103.00037182547848,104.19037612132625,102.50037002050044,103.82037478564249,104.25040771747709,-0.430032931834603,-0.41250000000000964,543342.83,5614541.232,tushare_qfq
002594.SZ,20260415,103.82040866355183,104.77041240300834,102.50040346767543,103.03040555389853,103.82037478564249,-0.7899692317439531,-0.7608999999999995,428719.17,4431952.62,tushare_qfq
002594.SZ,20260416,103.28042303699628,105.9704340552914,103.28042303699628,105.5404322940026,103.03040555389853,2.510026740104067,2.436199999999991,643661.46,6763624.067,tushare_qfq
002594.SZ,20260417,104.99044517567616,105.46044716855707,103.1204372465542,103.78044004506783,105.5404322940026,-1.7599922489347648,-1.6675999999999784,442047.63,4595671.718,tushare_qfq
002594.SZ,20260420,103.78045240876617,103.95045314984817,102.62044735197134,102.91044861617003,103.78044004506783,-0.869991428897805,-0.8383000000000014,383676.96,3957213.043,tushare_qfq
002594.SZ,20260421,102.91042520209177,103.19042635899184,101.33041867386999,101.53041950022717,102.91044861617003,-1.380029115942861,-1.3410000000000204,432257.69,4398233.495,tushare_qfq
002594.SZ,20260422,101.11037356762498,102.3803782598501,100.60037168334559,101.62037545190437,101.53041950022717,0.08995595167719728,0.08859999999999606,343733.37,3485648.244,tushare_qfq
002594.SZ,20260423,101.5703293684958,101.59032943335129,99.01032106699589,99.9803242124861,101.62037545190437,-1.6400512394182698,-1.6138999999999855,492163.75,4915554.212,tushare_qfq
002594.SZ,20260424,99.91032802369324,99.91032802369324,98.70032405103116,99.46032654625692,99.9803242124861,-0.5199976662291732,-0.5201000000000331,337738.78,3348015.919,tushare_qfq
002594.SZ,20260427,100.00029290769041,104.00030462399803,99.88029255620118,102.34029976173038,99.46032654625692,2.8799732154734556,2.8956000000000404,601670.2,6169037.082,tushare_qfq
002594.SZ,20260428,101.85033544142188,103.30034021697477,101.34033376174466,101.48033422283252,102.34029976173038,-0.8599655388978533,-0.8403000000000321,361550.04,3687912.785,tushare_qfq
002594.SZ,20260429,101.47030476927708,105.64031729404189,101.00030335761294,105.40031657319211,101.48033422283252,3.9199823503595894,3.8628000000000142,1056557.81,11021927.729,tushare_qfq
002594.SZ,20260430,104.54033023257304,105.4503331071822,102.37032337773582,102.98032530467162,105.40031657319211,-2.4199912685204907,-2.296,600978.53,6206126.903,tushare_qfq
002594.SZ,20260506,101.70028906036958,101.8902896004037,100.2002847969423,100.75028636019897,102.98032530467162,-2.2300389444726534,-2.1654999999999895,670487.11,6746578.445,tushare_qfq
002594.SZ,20260507,101.05032895673193,101.26032964036294,100.01032557113074,100.46032703605432,100.75028636019897,-0.28995932414464676,-0.28779999999999417,468845.96,4708289.851,tushare_qfq
002594.SZ,20260508,100.47031220197309,101.00031384890298,99.80031012000512,100.02031080363639,100.46032703605432,-0.440016232417932,-0.438000000000014,382157.5,3823821.998,tushare_qfq
002594.SZ,20260511,100.02029485057606,100.73029694359656,99.00029184370156,100.44029608870085,100.02031080363639,0.4199852850644561,0.41989999999998684,482810.04,4812920.715,tushare_qfq
002594.SZ,20260512,99.97029401810718,100.10029440044542,99.10029145938202,99.23029184172027,100.44029608870085,-1.2100042469805743,-1.2046999999999952,353441.29,3514548.836,tushare_qfq
002594.SZ,20260513,99.23028049967779,99.25028055621304,97.81027648567454,98.60027871881718,99.23029184172027,-0.6300131229030939,-0.6349000000000119,456193.52,4481395.884,tushare_qfq
002594.SZ,20260514,99.00023452578436,100.00023689473167,98.45023322286333,98.73023388616859,98.60027871881718,0.12995516735141166,0.13180000000001077,339179.88,3361151.176,tushare_qfq
002594.SZ,20260515,98.0001899343071,98.03018999245026,96.26018656200411,96.3001866395283,98.73023388616859,-2.430047246640285,-2.461300000000018,466217.23,4507893.858,tushare_qfq
002594.SZ,20260518,95.34016016461541,95.94016117257397,94.30015841748724,94.51015877027274,96.3001866395283,-1.7900278692555673,-1.8588000000000156,354613.17,3359745.463,tushare_qfq
002594.SZ,20260519,94.51020273718618,96.08020610505605,93.80020121413673,96.00020593344485,94.51015877027274,1.4900471631721075,1.5765999999999867,296184.39,2822346.576,tushare_qfq
002594.SZ,20260520,95.30020443184681,95.49020483942341,93.3002001415667,93.36020027027512,96.00020593344485,-2.640005663169731,-2.749999999999998,415009.93,3900216.299,tushare_qfq
002594.SZ,20260521,93.41022986602655,96.20023673173915,93.41022986602655,93.51023011210944,93.36020027027512,0.15002984183432488,0.16069999999999224,373949.74,3540792.199,tushare_qfq
002594.SZ,20260522,93.55027029494525,94.19027214410362,92.61026757899391,93.75027087280725,93.51023011210944,0.24004076069780922,0.25670000000002596,268591.77,2510615.944,tushare_qfq
002594.SZ,20260525,95.00024354698554,97.21024921265752,95.00024354698554,95.96024600809191,93.75027087280725,2.2099751352846653,2.3572999999999786,405995.16,3900848.662,tushare_qfq
002594.SZ,20260526,95.80020797237347,96.92021040378327,94.51020517191041,96.55020960054968,95.96024600809191,0.5899635924577638,0.6148000000000152,386524.35,3720039.551,tushare_qfq
002594.SZ,20260527,96.00023235115523,97.27023542496738,94.66022910792036,95.2202304633021,96.55020960054968,-1.3299791372475767,-1.3775000000000048,362373.56,3467882.77,tushare_qfq
002594.SZ,20260528,95.22020049097674,95.99020211225432,94.03019798536592,95.88020188064324,95.2202304633021,0.65997141734114,0.6930999999999927,314589.76,2991315.17,tushare_qfq
002594.SZ,20260529,98.90021700038695,99.50021831687059,96.13021092262079,96.18021103232778,95.88020188064324,0.30000915168453446,0.31290000000000184,606293.93,5901286.621,tushare_qfq
002594.SZ,20260601,96.18019572976351,96.22019581116494,93.60019047937058,93.6501905811224,96.18021103232778,-2.530020451205374,-2.6304999999999916,445980.76,4207350.43,tushare_qfq
002594.SZ,20260602,96.00021803402814,96.88022003267339,94.31021419572077,96.76021976013087,93.6501905811224,3.110029179008464,3.3208999999999684,554964.17,5321331.038,tushare_qfq
002594.SZ,20260603,96.00017956104477,96.00017956104477,94.50017675540344,94.82017735394025,96.76021976013087,-1.9400424061906136,-2.0049999999999892,370433.74,3514157.745,tushare_qfq
002594.SZ,20260604,93.60016477439663,94.39016616512072,93.10016389419152,93.440164492731,94.82017735394025,-1.3800128612092522,-1.455400000000006,318711.74,2982999.607,tushare_qfq
002594.SZ,20260605,93.52015369388646,94.00015448273447,92.30015168889778,93.01015285573546,93.440164492731,-0.4300116369955447,-0.4601999999999964,339968.97,3159266.076,tushare_qfq
002594.SZ,20260608,91.00012991340664,92.02013136957889,90.30012891407274,91.19013018465441,93.01015285573546,-1.8200226710810483,-1.9568000000000183,316843.95,2885879.183,tushare_qfq
002594.SZ,20260609,91.22010485381308,91.92010565843565,90.03010348595475,91.89010562395183,91.19013018465441,0.6999754392974182,0.7676000000000122,281926.95,2562232.96109,tushare_qfq
002594.SZ,20260610,91.00014827211469,91.00014827211469,90.10014680568716,90.3101471478536,91.89010562395183,-1.579958476098227,-1.7193999999999994,241286.6,2182297.13741,tushare_qfq
002594.SZ,20260611,90.10016630062984,90.80016759264362,88.88016404883442,89.80016574690966,90.3101471478536,-0.5099814009439427,-0.564700000000015,315087.34,2821436.89548,tushare_qfq
002594.SZ,20260612,89.90020617064033,91.78021048210644,89.25020467997385,91.60021006930648,89.80016574690966,1.800044322396829,2.0045000000000277,385351.78,3497028.50468,tushare_qfq
002594.SZ,20260615,91.61023631846159,91.90023706654972,90.40023319712834,90.82023428056632,91.60021006930648,-0.7799757887401597,-0.8515000000000164,312979.08,2847656.61685,tushare_qfq
002594.SZ,20260616,90.35020861593149,90.50020896227782,89.50020665330237,89.64020697655893,90.82023428056632,-1.180027304007396,-1.2992999999999977,336018.68,3017362.61274,tushare_qfq
002594.SZ,20260617,89.00020028924504,89.30020096437732,87.00019578836313,87.47019684607038,89.64020697655893,-2.1700101304885493,-2.420800000000012,495267.11,4335318.6677,tushare_qfq
002594.SZ,20260618,87.00015743641028,89.33016165281069,86.08015577156547,88.13015948127399,87.47019684607038,0.6599626352036125,0.7545000000000132,435789.76,3820166.90992,tushare_qfq
002594.SZ,20260622,87.00018474128899,87.90018665240578,84.60017964497756,87.59018599413221,88.13015948127399,-0.5399734871417792,-0.6127000000000152,637242.2,5467321.88639,tushare_qfq
002594.SZ,20260623,86.91014743441615,88.32014982634489,84.75014377018489,85.00014419428574,87.59018599413221,-2.5900417998464746,-2.956999999999983,466216.68,4016365.83408,tushare_qfq
002594.SZ,20260624,84.50014334608406,84.70014368536472,82.78014042827027,83.30014131040002,85.00014419428574,-1.7000028838857162,-2.0000000000000018,455735.3,3803649.80554,tushare_qfq
002594.SZ,20260625,82.80016413377133,83.81016613588619,81.34016123962513,82.20016294439618,83.30014131040002,-1.099978366003839,-1.320500000000008,556432.08,4579273.3254,tushare_qfq
002594.SZ,20260626,81.51014448241207,81.80014499645819,78.20013861519597,78.20013861519597,82.20016294439618,-4.000024329200215,-4.86620000000001,663208.02,5267490.27775,tushare_qfq
002594.SZ,20260629,78.20011387080254,80.95011787521057,77.60011299711351,79.6401159676562,78.20013861519597,1.4399773524602324,1.8414000000000177,523707.29,4160734.87256,tushare_qfq
002594.SZ,20260630,79.5800848470376,80.55008588123746,78.58008378085215,79.70008497497984,79.6401159676562,0.05996900732364452,0.07529999999999926,382043.09,3031865.04919,tushare_qfq
002594.SZ,20260701,79.90007181540328,81.65007338833138,78.55007060200158,80.66007249850347,79.70008497497984,0.9599875235236226,1.204499999999988,503176.61,4035250.99665,tushare_qfq
002594.SZ,20260702,81.90004501612087,85.67004708829151,81.90004501612087,83.570045934032,80.66007249850347,2.909973435528528,3.6077000000000226,825046.21,6956783.9553,tushare_qfq
002594.SZ,20260703,83.73000798523374,88.8800084763833,83.60000797283577,88.47000843728208,83.570045934032,4.89996250325008,5.863299999999979,838981.62,7298140.28407,tushare_qfq
002594.SZ,20260706,88.52001183966563,88.9500118971787,86.61001158420063,87.54001170858936,88.47000843728208,-0.9299967286927142,-1.0512000000000057,485828.28,4263991.76189,tushare_qfq
002594.SZ,20260707,87.66000168428572,88.81000170638166,85.87000164989294,86.26000165738635,87.54001170858936,-1.280010051203007,-1.4622000000000153,389469.58,3378987.2892,tushare_qfq
002594.SZ,20260708,86.0100014370681,88.3400014759981,85.28000142487114,87.80000146697569,86.26000165738635,1.5399998095893324,1.785300000000016,403809.08,3527472.65703,tushare_qfq
002594.SZ,20260709,86.50002374984852,87.7700240985457,85.8000235576532,86.87002385143747,87.80000146697569,-0.9299776155382204,-1.059200000000016,377392.8,3270884.06204,tushare_qfq
002594.SZ,20260710,86.84003635781286,90.8300380283296,84.88003553720814,90.00003768082861,86.87002385143747,3.130013829391146,3.6031000000000026,709332.47,6283278.80427,tushare_qfq
002594.SZ,20260713,88.9999963331864,88.9999963331864,86.77999642465073,86.97999641641071,90.00003768082861,-3.020041264417898,-3.355600000000015,424584.95,3714908.44187,tushare_qfq
002594.SZ,20260714,86.889990831718,90.6799904318125,86.49999087286922,90.17999048457048,86.97999641641071,3.199994068159768,3.6790000000000203,547074.91,4883296.43816,tushare_qfq
002594.SZ,20260715,89.65003331377842,93.48003473699951,89.45003323945878,91.7600340978506,90.17999048457048,1.5800436132801252,1.752099999999962,514154.27,4733650.60875,tushare_qfq
002594.SZ,20260716,91.7400137427247,94.76001419512309,91.15001365434223,94.1400141022466,91.7600340978506,2.379980004395989,2.5937000000000414,607203.97,5673387.68166,tushare_qfq
002594.SZ,20260717,94.14001976253202,95.95002014249998,91.90001929229545,93.47001962188091,94.1400141022466,-0.6699944803656877,-0.7116999999999986,687345.82,6442145.67228,tushare_qfq
002594.SZ,20260720,93.48998436823774,95.27998406894527,92.76998448862355,93.91998429634067,93.47001962188091,0.44996467445976407,0.48140000000003147,439890.3,4119522.14259,tushare_qfq
002594.SZ,20260721,93.92998461341303,96.79998414328095,93.34998470842227,94.29998455280365,93.91998429634067,0.38000025646297786,0.4045999999999824,671592.85,6390715.24519,tushare_qfq
002594.SZ,20260722,92.63,93.0,90.51,91.57,94.29998455280365,-2.729984552803657,-2.894999999999991,603549.71,5516076.31113,tushare_qfq
